structure,spg_symbol_framework,spg_number_framework,lattice_type_framework,crystal_system_framework,spg_symbol_structure,spg_number_structure,lattice_type_structure,crystal_system_structure
il0014836077_w192,C2,5,monoclinic,monoclinic,P1,1,triclinic,triclinic
il0004252324_w192,C2,5,monoclinic,monoclinic,P1,1,triclinic,triclinic
il0015666961_w192,C2,5,monoclinic,monoclinic,P1,1,triclinic,triclinic
il0014931962_w192,C2,5,monoclinic,monoclinic,P1,1,triclinic,triclinic
il0011784525_w192,C2,5,monoclinic,monoclinic,P1,1,triclinic,triclinic
il0014813005_w192,C2/m,12,monoclinic,monoclinic,P1,1,triclinic,triclinic
il0011188345_w192,C2/m,12,monoclinic,monoclinic,P1,1,triclinic,triclinic
il0011306304_w192,C2,5,monoclinic,monoclinic,P1,1,triclinic,triclinic
il0012155592_w192,C2/m,12,monoclinic,monoclinic,P1,1,triclinic,triclinic
il0009682514_w192,C2,5,monoclinic,monoclinic,P1,1,triclinic,triclinic
il0006803348_w192,C2/m,12,monoclinic,monoclinic,P1,1,triclinic,triclinic
il0013313997_w192,C2,5,monoclinic,monoclinic,P1,1,triclinic,triclinic
il0012601675_w192,C2,5,monoclinic,monoclinic,P1,1,triclinic,triclinic
il0015289755_w192,C2,5,monoclinic,monoclinic,P1,1,triclinic,triclinic
il0012118589_w192,C2,5,monoclinic,monoclinic,P1,1,triclinic,triclinic
il0011242891_w192,C2,5,monoclinic,monoclinic,P1,1,triclinic,triclinic
il0011240761_w192,C2/m,12,monoclinic,monoclinic,P1,1,triclinic,triclinic
il0004126140_w192,C2,5,monoclinic,monoclinic,P1,1,triclinic,triclinic
il0015317013_w192,C2,5,monoclinic,monoclinic,P1,1,triclinic,triclinic
il0003572776_w192,C2/m,12,monoclinic,monoclinic,P1,1,triclinic,triclinic
il0013309631_w192,C2,5,monoclinic,monoclinic,P1,1,triclinic,triclinic
il0015850390_w192,C2,5,monoclinic,monoclinic,P1,1,triclinic,triclinic
il0014796183_w192,C2/m,12,monoclinic,monoclinic,P1,1,triclinic,triclinic
il0012928860_w192,C2/m,12,monoclinic,monoclinic,P1,1,triclinic,triclinic
il0013320444_w192,C2,5,monoclinic,monoclinic,P1,1,triclinic,triclinic
il0013322725_w192,C2/m,12,monoclinic,monoclinic,P1,1,triclinic,triclinic
il0012994567_w192,C2,5,monoclinic,monoclinic,P1,1,triclinic,triclinic
il0014198518_w192,C2,5,monoclinic,monoclinic,P1,1,triclinic,triclinic
il0010520748_w192,C2/m,12,monoclinic,monoclinic,P1,1,triclinic,triclinic
il0012614566_w192,C2,5,monoclinic,monoclinic,P1,1,triclinic,triclinic
il0008113176_w192,C2,5,monoclinic,monoclinic,P1,1,triclinic,triclinic
il0014776594_w192,C2/m,12,monoclinic,monoclinic,P1,1,triclinic,triclinic
il0004187328_w192,C2,5,monoclinic,monoclinic,P1,1,triclinic,triclinic
il0013313961_w192,C2,5,monoclinic,monoclinic,P1,1,triclinic,triclinic
il0012697735_w192,C2/m,12,monoclinic,monoclinic,P1,1,triclinic,triclinic
il0010503963_w192,C2/m,12,monoclinic,monoclinic,P1,1,triclinic,triclinic
il0014704743_w192,C2/m,12,monoclinic,monoclinic,P1,1,triclinic,triclinic
il0014671815_w192,C2/m,12,monoclinic,monoclinic,P1,1,triclinic,triclinic
il0004234893_w192,C2,5,monoclinic,monoclinic,P1,1,triclinic,triclinic
il0011782215_w192,C2/m,12,monoclinic,monoclinic,P1,1,triclinic,triclinic
il0011153424_w192,C2,5,monoclinic,monoclinic,P1,1,triclinic,triclinic
il0014812998_w192,C2/m,12,monoclinic,monoclinic,P1,1,triclinic,triclinic
il0015876522_w192,C2,5,monoclinic,monoclinic,P1,1,triclinic,triclinic
il0014928215_w192,C2,5,monoclinic,monoclinic,P1,1,triclinic,triclinic
il0012920784_w192,C2,5,monoclinic,monoclinic,P1,1,triclinic,triclinic
il0014881538_w192,C2,5,monoclinic,monoclinic,P1,1,triclinic,triclinic
il0014705459_w192,C2/m,12,monoclinic,monoclinic,P1,1,triclinic,triclinic
il0014881539_w192,C2/m,12,monoclinic,monoclinic,P1,1,triclinic,triclinic
il0013307319_w192,C2/m,12,monoclinic,monoclinic,P1,1,triclinic,triclinic
il0015600440_w192,C2,5,monoclinic,monoclinic,P1,1,triclinic,triclinic
il0014952815_w192,C2,5,monoclinic,monoclinic,P1,1,triclinic,triclinic
il0008131583_w192,C2,5,monoclinic,monoclinic,P1,1,triclinic,triclinic
il0012645355_w192,C2,5,monoclinic,monoclinic,P1,1,triclinic,triclinic
il0014751862_w192,C2,5,monoclinic,monoclinic,P1,1,triclinic,triclinic
il0012660697_w192,C2/m,12,monoclinic,monoclinic,P1,1,triclinic,triclinic
il0013274683_w192,C2,5,monoclinic,monoclinic,P1,1,triclinic,triclinic
il0014776704_w192,C2,5,monoclinic,monoclinic,P1,1,triclinic,triclinic
il0008524882_w192,C2,5,monoclinic,monoclinic,P1,1,triclinic,triclinic
il0012100646_w192,C2,5,monoclinic,monoclinic,P1,1,triclinic,triclinic
il0014731667_w192,C2/m,12,monoclinic,monoclinic,P1,1,triclinic,triclinic
il0011240645_w192,C2,5,monoclinic,monoclinic,P1,1,triclinic,triclinic
il0015830652_w192,C2,5,monoclinic,monoclinic,P1,1,triclinic,triclinic
il0014836342_w192,C2/m,12,monoclinic,monoclinic,P1,1,triclinic,triclinic
il0014883750_w192,C2,5,monoclinic,monoclinic,P1,1,triclinic,triclinic
il0014918854_w192,C2,5,monoclinic,monoclinic,P1,1,triclinic,triclinic
il0012613558_w192,C2,5,monoclinic,monoclinic,P1,1,triclinic,triclinic
il0012147084_w192,C2,5,monoclinic,monoclinic,P1,1,triclinic,triclinic
il0013008229_w192,C2/m,12,monoclinic,monoclinic,P1,1,triclinic,triclinic
il0009706587_w192,C2,5,monoclinic,monoclinic,P1,1,triclinic,triclinic
il0009773449_w192,C2/m,12,monoclinic,monoclinic,P1,1,triclinic,triclinic
il0014807993_w192,C2/m,12,monoclinic,monoclinic,P1,1,triclinic,triclinic
il0013918604_w192,C2,5,monoclinic,monoclinic,P1,1,triclinic,triclinic
il0014776515_w192,C2,5,monoclinic,monoclinic,P1,1,triclinic,triclinic
il0012951167_w192,C2,5,monoclinic,monoclinic,P1,1,triclinic,triclinic
il0004093255_w192,C2,5,monoclinic,monoclinic,P1,1,triclinic,triclinic
il0014775214_w192,C2,5,monoclinic,monoclinic,P1,1,triclinic,triclinic
il0015872129_w192,C2/m,12,monoclinic,monoclinic,P1,1,triclinic,triclinic
il0012680198_w192,C2/m,12,monoclinic,monoclinic,P1,1,triclinic,triclinic
il0012973257_w192,C2,5,monoclinic,monoclinic,P1,1,triclinic,triclinic
il0012242475_w192,C2/m,12,monoclinic,monoclinic,P1,1,triclinic,triclinic
il0013292070_w192,C2/m,12,monoclinic,monoclinic,P1,1,triclinic,triclinic
il0015248375_w192,C2,5,monoclinic,monoclinic,P1,1,triclinic,triclinic
il0001877993_w192,C2,5,monoclinic,monoclinic,P1,1,triclinic,triclinic
il0008528614_w192,C2,5,monoclinic,monoclinic,P1,1,triclinic,triclinic
il0014904098_w192,C2,5,monoclinic,monoclinic,P1,1,triclinic,triclinic
il0008070504_w192,C2/m,12,monoclinic,monoclinic,P1,1,triclinic,triclinic
il0015450048_w192,C2,5,monoclinic,monoclinic,P1,1,triclinic,triclinic
il0015877280_w192,C2,5,monoclinic,monoclinic,P1,1,triclinic,triclinic
il0014201143_w192,C2,5,monoclinic,monoclinic,P1,1,triclinic,triclinic
il0014319708_w192,C2,5,monoclinic,monoclinic,P1,1,triclinic,triclinic
il0006210627_w192,C2/m,12,monoclinic,monoclinic,P1,1,triclinic,triclinic
il0015104306_w192,C2,5,monoclinic,monoclinic,P1,1,triclinic,triclinic
il0010542588_w192,C2/m,12,monoclinic,monoclinic,P1,1,triclinic,triclinic
il0004270284_w192,C2,5,monoclinic,monoclinic,P1,1,triclinic,triclinic
il0015830591_w192,C2/m,12,monoclinic,monoclinic,P1,1,triclinic,triclinic
il0014813016_w192,C2,5,monoclinic,monoclinic,P1,1,triclinic,triclinic
il0015765425_w192,C2/m,12,monoclinic,monoclinic,P1,1,triclinic,triclinic
il0014808708_w192,C2,5,monoclinic,monoclinic,P1,1,triclinic,triclinic
il0012606095_w192,C2,5,monoclinic,monoclinic,P1,1,triclinic,triclinic
il0013143537_w192,C2/m,12,monoclinic,monoclinic,P1,1,triclinic,triclinic
il0015262925_w192,C2/m,12,monoclinic,monoclinic,P1,1,triclinic,triclinic
il0010669480_w192,C2,5,monoclinic,monoclinic,P1,1,triclinic,triclinic
il0012613552_w192,C2,5,monoclinic,monoclinic,P1,1,triclinic,triclinic
il0015894284_w192,C2/m,12,monoclinic,monoclinic,P1,1,triclinic,triclinic
il0014369329_w192,C2/m,12,monoclinic,monoclinic,P1,1,triclinic,triclinic
il0015452466_w192,C2,5,monoclinic,monoclinic,P1,1,triclinic,triclinic
il0015300046_w192,C2,5,monoclinic,monoclinic,P1,1,triclinic,triclinic
il0004218407_w192,C2,5,monoclinic,monoclinic,P1,1,triclinic,triclinic
il0015149983_w192,C2,5,monoclinic,monoclinic,P1,1,triclinic,triclinic
il0011279950_w192,C2/m,12,monoclinic,monoclinic,P1,1,triclinic,triclinic
il0012428367_w192,C2/m,12,monoclinic,monoclinic,P1,1,triclinic,triclinic
il0011891415_w192,C2/m,12,monoclinic,monoclinic,P1,1,triclinic,triclinic
il0014813023_w192,C2,5,monoclinic,monoclinic,P1,1,triclinic,triclinic
il0015829148_w192,C2,5,monoclinic,monoclinic,P1,1,triclinic,triclinic
il0009087218_w192,C2,5,monoclinic,monoclinic,P1,1,triclinic,triclinic
il0004180601_w192,C2,5,monoclinic,monoclinic,P1,1,triclinic,triclinic
il0015450529_w192,C2,5,monoclinic,monoclinic,P1,1,triclinic,triclinic
il0015250565_w192,C2/m,12,monoclinic,monoclinic,P1,1,triclinic,triclinic
il0008111808_w192,C2,5,monoclinic,monoclinic,P1,1,triclinic,triclinic
il0014892646_w192,C2,5,monoclinic,monoclinic,P1,1,triclinic,triclinic
il0015209618_w192,C2/m,12,monoclinic,monoclinic,P1,1,triclinic,triclinic
il0014929582_w192,C2,5,monoclinic,monoclinic,P1,1,triclinic,triclinic
il0012725920_w192,C2,5,monoclinic,monoclinic,P1,1,triclinic,triclinic
il0014466857_w192,C2,5,monoclinic,monoclinic,P1,1,triclinic,triclinic
il0011317151_w192,C2,5,monoclinic,monoclinic,P1,1,triclinic,triclinic
il0013195954_w192,C2,5,monoclinic,monoclinic,P1,1,triclinic,triclinic
il0004219341_w192,C2/m,12,monoclinic,monoclinic,P1,1,triclinic,triclinic
il0015091202_w192,C2,5,monoclinic,monoclinic,P1,1,triclinic,triclinic
il0013232860_w192,C2,5,monoclinic,monoclinic,P1,1,triclinic,triclinic
il0008113807_w192,C2,5,monoclinic,monoclinic,P1,1,triclinic,triclinic
il0014775221_w192,C2/m,12,monoclinic,monoclinic,P1,1,triclinic,triclinic
il0011168635_w192,C2,5,monoclinic,monoclinic,P1,1,triclinic,triclinic
il0013896764_w192,C2,5,monoclinic,monoclinic,P1,1,triclinic,triclinic
il0012973287_w192,C2,5,monoclinic,monoclinic,P1,1,triclinic,triclinic
il0012977089_w192,C2/m,12,monoclinic,monoclinic,P1,1,triclinic,triclinic
il0010547119_w192,C2,5,monoclinic,monoclinic,P1,1,triclinic,triclinic
il0012977446_w192,C2,5,monoclinic,monoclinic,P1,1,triclinic,triclinic
il0012929997_w192,C2,5,monoclinic,monoclinic,P1,1,triclinic,triclinic
il0015850353_w192,C2/m,12,monoclinic,monoclinic,P1,1,triclinic,triclinic
il0014468839_w192,C2,5,monoclinic,monoclinic,P1,1,triclinic,triclinic
il0013386054_w192,C2/m,12,monoclinic,monoclinic,P1,1,triclinic,triclinic
il0011275248_w192,C2,5,monoclinic,monoclinic,P1,1,triclinic,triclinic
il0013282668_w192,C2/m,12,monoclinic,monoclinic,P1,1,triclinic,triclinic
il0015828770_w192,C2/m,12,monoclinic,monoclinic,P1,1,triclinic,triclinic
il0011279798_w192,C2/m,12,monoclinic,monoclinic,P1,1,triclinic,triclinic
il0015568874_w192,C2,5,monoclinic,monoclinic,P1,1,triclinic,triclinic
il0014862574_w192,C2,5,monoclinic,monoclinic,P1,1,triclinic,triclinic
il0011168642_w192,C2,5,monoclinic,monoclinic,P1,1,triclinic,triclinic
il0011218439_w192,C2/m,12,monoclinic,monoclinic,P1,1,triclinic,triclinic
il0004148475_w192,C2,5,monoclinic,monoclinic,P1,1,triclinic,triclinic
il0007519767_w192,C2/m,12,monoclinic,monoclinic,P1,1,triclinic,triclinic
il0009686790_w192,C2/m,12,monoclinic,monoclinic,P1,1,triclinic,triclinic
il0015884308_w192,C2/m,12,monoclinic,monoclinic,P1,1,triclinic,triclinic
il0015885768_w192,C2,5,monoclinic,monoclinic,P1,1,triclinic,triclinic
il0013121810_w192,C2,5,monoclinic,monoclinic,P1,1,triclinic,triclinic
il0012661820_w192,C2,5,monoclinic,monoclinic,P1,1,triclinic,triclinic
il0004244834_w192,C2,5,monoclinic,monoclinic,P1,1,triclinic,triclinic
il0014472463_w192,C2,5,monoclinic,monoclinic,P1,1,triclinic,triclinic
il0013309629_w192,C2,5,monoclinic,monoclinic,P1,1,triclinic,triclinic
il0006899323_w192,C2,5,monoclinic,monoclinic,P1,1,triclinic,triclinic
il0007440937_w192,C2/m,12,monoclinic,monoclinic,P1,1,triclinic,triclinic
il0011240638_w192,C2/m,12,monoclinic,monoclinic,P1,1,triclinic,triclinic
il0014796555_w192,C2,5,monoclinic,monoclinic,P1,1,triclinic,triclinic
il0004147980_w192,C2,5,monoclinic,monoclinic,P1,1,triclinic,triclinic
il0015172411_w192,C2,5,monoclinic,monoclinic,P1,1,triclinic,triclinic
il0013269549_w192,C2/m,12,monoclinic,monoclinic,P1,1,triclinic,triclinic
il0014996472_w192,C2,5,monoclinic,monoclinic,P1,1,triclinic,triclinic
il0012960091_w192,C2,5,monoclinic,monoclinic,P1,1,triclinic,triclinic
il0014233540_w192,C2,5,monoclinic,monoclinic,P1,1,triclinic,triclinic
il0015288168_w192,C2/m,12,monoclinic,monoclinic,P1,1,triclinic,triclinic
il0014264116_w192,C2,5,monoclinic,monoclinic,P1,1,triclinic,triclinic
il0011893153_w192,C2/m,12,monoclinic,monoclinic,P1,1,triclinic,triclinic
il0012662879_w192,C2,5,monoclinic,monoclinic,P1,1,triclinic,triclinic
il0014654544_w192,C2,5,monoclinic,monoclinic,P1,1,triclinic,triclinic
il0014362270_w192,C2,5,monoclinic,monoclinic,P1,1,triclinic,triclinic
il0012583880_w192,C2/m,12,monoclinic,monoclinic,P1,1,triclinic,triclinic
il0014931958_w192,C2,5,monoclinic,monoclinic,P1,1,triclinic,triclinic
il0014916483_w192,C2/m,12,monoclinic,monoclinic,P1,1,triclinic,triclinic
il0014916482_w192,C2,5,monoclinic,monoclinic,P1,1,triclinic,triclinic
il0007523929_w192,C2/m,12,monoclinic,monoclinic,P1,1,triclinic,triclinic
il0004091727_w192,P1,1,triclinic,triclinic,P1,1,triclinic,triclinic
il0012118606_w192,C2/m,12,monoclinic,monoclinic,P1,1,triclinic,triclinic
il0009807008_w192,C2,5,monoclinic,monoclinic,P1,1,triclinic,triclinic
il0014896008_w192,C2,5,monoclinic,monoclinic,P1,1,triclinic,triclinic
il0012890268_w192,C2,5,monoclinic,monoclinic,P1,1,triclinic,triclinic
il0009745440_w192,C2,5,monoclinic,monoclinic,P1,1,triclinic,triclinic
il0008114184_w192,C2/m,12,monoclinic,monoclinic,P1,1,triclinic,triclinic
il0012640703_w192,C2,5,monoclinic,monoclinic,P1,1,triclinic,triclinic
il0009684991_w192,C2,5,monoclinic,monoclinic,P1,1,triclinic,triclinic
il0014931581_w192,C2/m,12,monoclinic,monoclinic,P1,1,triclinic,triclinic
il0014918899_w192,C2/m,12,monoclinic,monoclinic,P1,1,triclinic,triclinic
il0009773484_w192,C2/m,12,monoclinic,monoclinic,P1,1,triclinic,triclinic
il0012551743_w192,C2,5,monoclinic,monoclinic,P1,1,triclinic,triclinic
il0011242871_w192,C2,5,monoclinic,monoclinic,P1,1,triclinic,triclinic
il0014908794_w192,C2/m,12,monoclinic,monoclinic,P1,1,triclinic,triclinic
il0011249015_w192,C2/m,12,monoclinic,monoclinic,P1,1,triclinic,triclinic
il0008082610_w192,C2,5,monoclinic,monoclinic,P1,1,triclinic,triclinic
il0012829247_w192,C2,5,monoclinic,monoclinic,P1,1,triclinic,triclinic
il0014932003_w192,C2/m,12,monoclinic,monoclinic,P1,1,triclinic,triclinic
il0014932557_w192,C2,5,monoclinic,monoclinic,P1,1,triclinic,triclinic
il0004177976_w192,C2,5,monoclinic,monoclinic,P1,1,triclinic,triclinic
il0014467908_w192,C2/m,12,monoclinic,monoclinic,P1,1,triclinic,triclinic
il0014753374_w192,C2,5,monoclinic,monoclinic,P1,1,triclinic,triclinic
il0014917858_w192,C2,5,monoclinic,monoclinic,P1,1,triclinic,triclinic
il0006798850_w192,C2,5,monoclinic,monoclinic,P1,1,triclinic,triclinic
il0013012319_w192,C2,5,monoclinic,monoclinic,P1,1,triclinic,triclinic
il0012640774_w192,C2,5,monoclinic,monoclinic,P1,1,triclinic,triclinic
il0012671557_w192,C2/m,12,monoclinic,monoclinic,P1,1,triclinic,triclinic
il0014861910_w192,C2,5,monoclinic,monoclinic,P1,1,triclinic,triclinic
il0015589857_w192,C2/m,12,monoclinic,monoclinic,P1,1,triclinic,triclinic
il0013931708_w192,C2,5,monoclinic,monoclinic,P1,1,triclinic,triclinic
il0009161503_w192,C2,5,monoclinic,monoclinic,P1,1,triclinic,triclinic
il0008152921_w192,C2/m,12,monoclinic,monoclinic,P1,1,triclinic,triclinic
il0014927929_w192,C2,5,monoclinic,monoclinic,P1,1,triclinic,triclinic
il0012162286_w192,C2/m,12,monoclinic,monoclinic,P1,1,triclinic,triclinic
il0012697686_w192,C2/m,12,monoclinic,monoclinic,P1,1,triclinic,triclinic
il0012645335_w192,C2,5,monoclinic,monoclinic,P1,1,triclinic,triclinic
il0012697871_w192,C2,5,monoclinic,monoclinic,P1,1,triclinic,triclinic
il0008511778_w192,C2,5,monoclinic,monoclinic,P1,1,triclinic,triclinic
il0014912112_w192,C2,5,monoclinic,monoclinic,P1,1,triclinic,triclinic
il0014477828_w192,C2,5,monoclinic,monoclinic,P1,1,triclinic,triclinic
il0015850837_w192,C2,5,monoclinic,monoclinic,P1,1,triclinic,triclinic
il0013919712_w192,C2,5,monoclinic,monoclinic,P1,1,triclinic,triclinic
il0015316949_w192,C2,5,monoclinic,monoclinic,P1,1,triclinic,triclinic
il0008153423_w192,C2,5,monoclinic,monoclinic,P1,1,triclinic,triclinic
il0014424129_w192,C2/m,12,monoclinic,monoclinic,P1,1,triclinic,triclinic
il0012995136_w192,C2/m,12,monoclinic,monoclinic,P1,1,triclinic,triclinic
il0004179044_w192,C2/m,12,monoclinic,monoclinic,P1,1,triclinic,triclinic
il0015171591_w192,C2,5,monoclinic,monoclinic,P1,1,triclinic,triclinic
il0015691136_w192,C2/m,12,monoclinic,monoclinic,P1,1,triclinic,triclinic
il0004158120_w192,C2,5,monoclinic,monoclinic,P1,1,triclinic,triclinic
il0013182870_w192,C2/m,12,monoclinic,monoclinic,P1,1,triclinic,triclinic
il0011306546_w192,C2,5,monoclinic,monoclinic,P1,1,triclinic,triclinic
il0014905727_w192,C2,5,monoclinic,monoclinic,P1,1,triclinic,triclinic
il0012973080_w192,C2/m,12,monoclinic,monoclinic,P1,1,triclinic,triclinic
il0015227288_w192,C2/m,12,monoclinic,monoclinic,P1,1,triclinic,triclinic
il0014877075_w192,C2/m,12,monoclinic,monoclinic,P1,1,triclinic,triclinic
il0014369623_w192,C2,5,monoclinic,monoclinic,P1,1,triclinic,triclinic
il0011943363_w192,C2,5,monoclinic,monoclinic,P1,1,triclinic,triclinic
il0011314560_w192,C2,5,monoclinic,monoclinic,P1,1,triclinic,triclinic
il0015600957_w192,C2/m,12,monoclinic,monoclinic,P1,1,triclinic,triclinic
il0015287412_w192,C2/m,12,monoclinic,monoclinic,P1,1,triclinic,triclinic
il0007974555_w192,C2/m,12,monoclinic,monoclinic,P1,1,triclinic,triclinic
il0013871182_w192,C2,5,monoclinic,monoclinic,P1,1,triclinic,triclinic
il0015300051_w192,C2,5,monoclinic,monoclinic,P1,1,triclinic,triclinic
il0014200115_w192,C2/m,12,monoclinic,monoclinic,P1,1,triclinic,triclinic
il0014850960_w192,C2,5,monoclinic,monoclinic,P1,1,triclinic,triclinic
il0012960192_w192,C2/m,12,monoclinic,monoclinic,P1,1,triclinic,triclinic
il0008118815_w192,C2,5,monoclinic,monoclinic,P1,1,triclinic,triclinic
il0012605940_w192,C2,5,monoclinic,monoclinic,P1,1,triclinic,triclinic
il0015288163_w192,C2,5,monoclinic,monoclinic,P1,1,triclinic,triclinic
il0015735364_w192,C2,5,monoclinic,monoclinic,P1,1,triclinic,triclinic
il0011893159_w192,C2,5,monoclinic,monoclinic,P1,1,triclinic,triclinic
il0002972789_w192,C2/m,12,monoclinic,monoclinic,P1,1,triclinic,triclinic
il0014776611_w192,C2/m,12,monoclinic,monoclinic,P1,1,triclinic,triclinic
il0013906578_w192,C2,5,monoclinic,monoclinic,P1,1,triclinic,triclinic
il0001873990_w192,C2,5,monoclinic,monoclinic,P1,1,triclinic,triclinic
il0014882914_w192,C2,5,monoclinic,monoclinic,P1,1,triclinic,triclinic
il0015686519_w192,C2,5,monoclinic,monoclinic,P1,1,triclinic,triclinic
il0008152381_w192,C2,5,monoclinic,monoclinic,P1,1,triclinic,triclinic
il0004195971_w192,C2/m,12,monoclinic,monoclinic,P1,1,triclinic,triclinic
il0015849984_w192,C2,5,monoclinic,monoclinic,P1,1,triclinic,triclinic
il0011262485_w192,C2,5,monoclinic,monoclinic,P1,1,triclinic,triclinic
il0008415046_w192,C2,5,monoclinic,monoclinic,P1,1,triclinic,triclinic
il0014793915_w192,C2,5,monoclinic,monoclinic,P1,1,triclinic,triclinic
il0014878433_w192,C2,5,monoclinic,monoclinic,P1,1,triclinic,triclinic
il0012693410_w192,C2,5,monoclinic,monoclinic,P1,1,triclinic,triclinic
il0013008242_w192,C2,5,monoclinic,monoclinic,P1,1,triclinic,triclinic
il0014953843_w192,C2/m,12,monoclinic,monoclinic,P1,1,triclinic,triclinic
il0014467440_w192,C2,5,monoclinic,monoclinic,P1,1,triclinic,triclinic
il0015249709_w192,C2,5,monoclinic,monoclinic,P1,1,triclinic,triclinic
il0004187326_w192,C2,5,monoclinic,monoclinic,P1,1,triclinic,triclinic
il0012920811_w192,C2/m,12,monoclinic,monoclinic,P1,1,triclinic,triclinic
il0004126635_w192,C2,5,monoclinic,monoclinic,P1,1,triclinic,triclinic
il0014917853_w192,C2/m,12,monoclinic,monoclinic,P1,1,triclinic,triclinic
il0012881472_w192,C2,5,monoclinic,monoclinic,P1,1,triclinic,triclinic
il0014894640_w192,C2,5,monoclinic,monoclinic,P1,1,triclinic,triclinic
il0015664251_w192,C2/m,12,monoclinic,monoclinic,P1,1,triclinic,triclinic
il0014753083_w192,C2,5,monoclinic,monoclinic,P1,1,triclinic,triclinic
il0015824915_w192,C2,5,monoclinic,monoclinic,P1,1,triclinic,triclinic
il0008136134_w192,C2/m,12,monoclinic,monoclinic,P1,1,triclinic,triclinic
il0009266761_w192,C2/m,12,monoclinic,monoclinic,P1,1,triclinic,triclinic
il0015504815_w192,C2,5,monoclinic,monoclinic,P1,1,triclinic,triclinic
il0015296578_w192,C2,5,monoclinic,monoclinic,P1,1,triclinic,triclinic
il0013919230_w192,C2,5,monoclinic,monoclinic,P1,1,triclinic,triclinic
il0015664961_w192,C2/m,12,monoclinic,monoclinic,P1,1,triclinic,triclinic
il0015588282_w192,C2,5,monoclinic,monoclinic,P1,1,triclinic,triclinic
il0012612080_w192,C2,5,monoclinic,monoclinic,P1,1,triclinic,triclinic
il0013233063_w192,C2/m,12,monoclinic,monoclinic,P1,1,triclinic,triclinic
il0014930950_w192,C2,5,monoclinic,monoclinic,P1,1,triclinic,triclinic
il0013809404_w192,C2,5,monoclinic,monoclinic,P1,1,triclinic,triclinic
il0015105672_w192,C2,5,monoclinic,monoclinic,P1,1,triclinic,triclinic
il0014602128_w192,C2,5,monoclinic,monoclinic,P1,1,triclinic,triclinic
il0015823344_w192,C2,5,monoclinic,monoclinic,P1,1,triclinic,triclinic
il0004187255_w192,C2,5,monoclinic,monoclinic,P1,1,triclinic,triclinic
il0013182834_w192,C2,5,monoclinic,monoclinic,P1,1,triclinic,triclinic
il0012968172_w192,C2/m,12,monoclinic,monoclinic,P1,1,triclinic,triclinic
il0008130653_w192,C2/m,12,monoclinic,monoclinic,P1,1,triclinic,triclinic
il0015836370_w192,C2/m,12,monoclinic,monoclinic,P1,1,triclinic,triclinic
il0014091943_w192,C2,5,monoclinic,monoclinic,P1,1,triclinic,triclinic
il0012955535_w192,C2,5,monoclinic,monoclinic,P1,1,triclinic,triclinic
il0004131919_w192,C2,5,monoclinic,monoclinic,P1,1,triclinic,triclinic
il0011526815_w192,C2,5,monoclinic,monoclinic,P1,1,triclinic,triclinic
il0012868154_w192,C2/m,12,monoclinic,monoclinic,P1,1,triclinic,triclinic
il0014459859_w192,C2/m,12,monoclinic,monoclinic,P1,1,triclinic,triclinic
il0015316629_w192,C2,5,monoclinic,monoclinic,P1,1,triclinic,triclinic
il0015888903_w192,C2,5,monoclinic,monoclinic,P1,1,triclinic,triclinic
il0012136072_w192,C2/m,12,monoclinic,monoclinic,P1,1,triclinic,triclinic
il0015589967_w192,C2/m,12,monoclinic,monoclinic,P1,1,triclinic,triclinic
il0015907963_w192,C2,5,monoclinic,monoclinic,P1,1,triclinic,triclinic
il0004254871_w192,C2,5,monoclinic,monoclinic,P1,1,triclinic,triclinic
il0015893316_w192,C2,5,monoclinic,monoclinic,P1,1,triclinic,triclinic
il0014775401_w192,C2,5,monoclinic,monoclinic,P1,1,triclinic,triclinic
il0012929327_w192,C2,5,monoclinic,monoclinic,P1,1,triclinic,triclinic
il0014751546_w192,C2/m,12,monoclinic,monoclinic,P1,1,triclinic,triclinic
il0011330258_w192,C2,5,monoclinic,monoclinic,P1,1,triclinic,triclinic
il0003625183_w192,C2,5,monoclinic,monoclinic,P1,1,triclinic,triclinic
il0006899278_w192,C2,5,monoclinic,monoclinic,P1,1,triclinic,triclinic
il0015060624_w192,C2,5,monoclinic,monoclinic,P1,1,triclinic,triclinic
il0013254903_w192,C2/m,12,monoclinic,monoclinic,P1,1,triclinic,triclinic
il0009682516_w192,C2,5,monoclinic,monoclinic,P1,1,triclinic,triclinic
il0015823273_w192,C2/m,12,monoclinic,monoclinic,P1,1,triclinic,triclinic
il0015736365_w192,C2/m,12,monoclinic,monoclinic,P1,1,triclinic,triclinic
il0015272639_w192,C2,5,monoclinic,monoclinic,P1,1,triclinic,triclinic
il0004186702_w192,C2/m,12,monoclinic,monoclinic,P1,1,triclinic,triclinic
il0009892066_w192,C2,5,monoclinic,monoclinic,P1,1,triclinic,triclinic
il0013327008_w192,C2,5,monoclinic,monoclinic,P1,1,triclinic,triclinic
il0015229057_w192,C2,5,monoclinic,monoclinic,P1,1,triclinic,triclinic
il0015843695_w192,C2/m,12,monoclinic,monoclinic,P1,1,triclinic,triclinic
il0005061716_w192,C2/m,12,monoclinic,monoclinic,P1,1,triclinic,triclinic
il0008459657_w192,C2/m,12,monoclinic,monoclinic,P1,1,triclinic,triclinic
il0012960287_w192,C2,5,monoclinic,monoclinic,P1,1,triclinic,triclinic
il0015736585_w192,C2,5,monoclinic,monoclinic,P1,1,triclinic,triclinic
il0014730951_w192,C2/m,12,monoclinic,monoclinic,P1,1,triclinic,triclinic
il0011876253_w192,C2,5,monoclinic,monoclinic,P1,1,triclinic,triclinic
il0011315215_w192,C2,5,monoclinic,monoclinic,P1,1,triclinic,triclinic
il0012920770_w192,C2,5,monoclinic,monoclinic,P1,1,triclinic,triclinic
il0012907487_w192,C2,5,monoclinic,monoclinic,P1,1,triclinic,triclinic
il0013235280_w192,C2,5,monoclinic,monoclinic,P1,1,triclinic,triclinic
il0015666816_w192,C2,5,monoclinic,monoclinic,P1,1,triclinic,triclinic
il0014754864_w192,C2,5,monoclinic,monoclinic,P1,1,triclinic,triclinic
il0015829019_w192,C2,5,monoclinic,monoclinic,P1,1,triclinic,triclinic
il0004255444_w192,C2,5,monoclinic,monoclinic,P1,1,triclinic,triclinic
il0014862581_w192,C2/m,12,monoclinic,monoclinic,P1,1,triclinic,triclinic
il0015858243_w192,C2,5,monoclinic,monoclinic,P1,1,triclinic,triclinic
il0008069503_w192,C2,5,monoclinic,monoclinic,P1,1,triclinic,triclinic
il0009809186_w192,C2,5,monoclinic,monoclinic,P1,1,triclinic,triclinic
il0014805288_w192,C2/m,12,monoclinic,monoclinic,P1,1,triclinic,triclinic
il0008153643_w192,C2/m,12,monoclinic,monoclinic,P1,1,triclinic,triclinic
il0009809115_w192,C2/m,12,monoclinic,monoclinic,P1,1,triclinic,triclinic
il0012890265_w192,C2,5,monoclinic,monoclinic,P1,1,triclinic,triclinic
il0015830527_w192,C2/m,12,monoclinic,monoclinic,P1,1,triclinic,triclinic
il0009771555_w192,C2/m,12,monoclinic,monoclinic,P1,1,triclinic,triclinic
il0015288165_w192,C2,5,monoclinic,monoclinic,P1,1,triclinic,triclinic
il0014940696_w192,C2/m,12,monoclinic,monoclinic,P1,1,triclinic,triclinic
il0015850080_w192,C2/m,12,monoclinic,monoclinic,P1,1,triclinic,triclinic
il0014882913_w192,C2,5,monoclinic,monoclinic,P1,1,triclinic,triclinic
il0014925191_w192,C2/m,12,monoclinic,monoclinic,P1,1,triclinic,triclinic
il0009796082_w192,C2,5,monoclinic,monoclinic,P1,1,triclinic,triclinic
il0015148436_w192,C2/m,12,monoclinic,monoclinic,P1,1,triclinic,triclinic
il0012518580_w192,C2,5,monoclinic,monoclinic,P1,1,triclinic,triclinic
il0015568005_w192,C2/m,12,monoclinic,monoclinic,P1,1,triclinic,triclinic
il0012929288_w192,C2/m,12,monoclinic,monoclinic,P1,1,triclinic,triclinic
il0012867693_w192,C2/m,12,monoclinic,monoclinic,P1,1,triclinic,triclinic
il0012242511_w192,C2,5,monoclinic,monoclinic,P1,1,triclinic,triclinic
il0012606023_w192,C2,5,monoclinic,monoclinic,P1,1,triclinic,triclinic
il0015139246_w192,C2,5,monoclinic,monoclinic,P1,1,triclinic,triclinic
il0013008022_w192,C2,5,monoclinic,monoclinic,P1,1,triclinic,triclinic
il0015590714_w192,C2,5,monoclinic,monoclinic,P1,1,triclinic,triclinic
il0011299682_w192,C2,5,monoclinic,monoclinic,P1,1,triclinic,triclinic
il0009795990_w192,C2/m,12,monoclinic,monoclinic,P1,1,triclinic,triclinic
il0015828088_w192,C2/m,12,monoclinic,monoclinic,P1,1,triclinic,triclinic
il0004091714_w192,C2/m,12,monoclinic,monoclinic,P1,1,triclinic,triclinic
il0015263549_w192,C2/m,12,monoclinic,monoclinic,P1,1,triclinic,triclinic
il0002592243_w192,C2/m,12,monoclinic,monoclinic,P1,1,triclinic,triclinic
il0002535459_w192,C2/m,12,monoclinic,monoclinic,P1,1,triclinic,triclinic
il0013292162_w192,C2,5,monoclinic,monoclinic,P1,1,triclinic,triclinic
il0015829349_w192,C2,5,monoclinic,monoclinic,P1,1,triclinic,triclinic
il0008511819_w192,C2/m,12,monoclinic,monoclinic,P1,1,triclinic,triclinic
il0002916018_w192,C2,5,monoclinic,monoclinic,P1,1,triclinic,triclinic
il0012145863_w192,C2,5,monoclinic,monoclinic,P1,1,triclinic,triclinic
il0007484815_w192,C2,5,monoclinic,monoclinic,P1,1,triclinic,triclinic
il0015866824_w192,C2,5,monoclinic,monoclinic,P1,1,triclinic,triclinic
il0008372011_w192,C2,5,monoclinic,monoclinic,P1,1,triclinic,triclinic
il0012583383_w192,C2,5,monoclinic,monoclinic,P1,1,triclinic,triclinic
il0014930957_w192,C2/m,12,monoclinic,monoclinic,P1,1,triclinic,triclinic
il0011332708_w192,C2,5,monoclinic,monoclinic,P1,1,triclinic,triclinic
il0011242898_w192,C2,5,monoclinic,monoclinic,P1,1,triclinic,triclinic
il0012605979_w192,C2/m,12,monoclinic,monoclinic,P1,1,triclinic,triclinic
il0004248478_w192,C2,5,monoclinic,monoclinic,P1,1,triclinic,triclinic
il0009796127_w192,C2,5,monoclinic,monoclinic,P1,1,triclinic,triclinic
il0014909741_w192,C2/m,12,monoclinic,monoclinic,P1,1,triclinic,triclinic
il0015209510_w192,C2,5,monoclinic,monoclinic,P1,1,triclinic,triclinic
il0013235307_w192,C2/m,12,monoclinic,monoclinic,P1,1,triclinic,triclinic
il0008136237_w192,C2,5,monoclinic,monoclinic,P1,1,triclinic,triclinic
il0012662821_w192,C2/m,12,monoclinic,monoclinic,P1,1,triclinic,triclinic
il0014099706_w192,C2/m,12,monoclinic,monoclinic,P1,1,triclinic,triclinic
il0008134664_w192,C2/m,12,monoclinic,monoclinic,P1,1,triclinic,triclinic
il0013300750_w192,C2,5,monoclinic,monoclinic,P1,1,triclinic,triclinic
il0011297545_w192,C2/m,12,monoclinic,monoclinic,P1,1,triclinic,triclinic
il0012135590_w192,C2,5,monoclinic,monoclinic,P1,1,triclinic,triclinic
il0014808671_w192,C2,5,monoclinic,monoclinic,P1,1,triclinic,triclinic
il0014852397_w192,C2/m,12,monoclinic,monoclinic,P1,1,triclinic,triclinic
il0001716377_w192,C2,5,monoclinic,monoclinic,P1,1,triclinic,triclinic
il0015866946_w192,C2/m,12,monoclinic,monoclinic,P1,1,triclinic,triclinic
il0011314839_w192,C2/m,12,monoclinic,monoclinic,P1,1,triclinic,triclinic
il0001803735_w192,C2/m,12,monoclinic,monoclinic,P1,1,triclinic,triclinic
il0013932786_w192,C2,5,monoclinic,monoclinic,P1,1,triclinic,triclinic
il0014869800_w192,C2,5,monoclinic,monoclinic,P1,1,triclinic,triclinic
il0015649434_w192,C2,5,monoclinic,monoclinic,P1,1,triclinic,triclinic
il0012960081_w192,C2/m,12,monoclinic,monoclinic,P1,1,triclinic,triclinic
il0002972793_w192,C2,5,monoclinic,monoclinic,P1,1,triclinic,triclinic
il0015371283_w192,C2/m,12,monoclinic,monoclinic,P1,1,triclinic,triclinic
il0004254216_w192,C2,5,monoclinic,monoclinic,P1,1,triclinic,triclinic
il0013274578_w192,C2,5,monoclinic,monoclinic,P1,1,triclinic,triclinic
il0014361795_w192,C2/m,12,monoclinic,monoclinic,P1,1,triclinic,triclinic
il0008415682_w192,C2,5,monoclinic,monoclinic,P1,1,triclinic,triclinic
il0015618551_w192,C2,5,monoclinic,monoclinic,P1,1,triclinic,triclinic
il0013274685_w192,C2,5,monoclinic,monoclinic,P1,1,triclinic,triclinic
il0014776702_w192,C2,5,monoclinic,monoclinic,P1,1,triclinic,triclinic
il0012942145_w192,C2/m,12,monoclinic,monoclinic,P1,1,triclinic,triclinic
il0004252848_w192,C2,5,monoclinic,monoclinic,P1,1,triclinic,triclinic
il0014842224_w192,C2,5,monoclinic,monoclinic,P1,1,triclinic,triclinic
il0012048579_w192,C2/m,12,monoclinic,monoclinic,P1,1,triclinic,triclinic
il0014089396_w192,C2,5,monoclinic,monoclinic,P1,1,triclinic,triclinic
il0015874586_w192,C2/m,12,monoclinic,monoclinic,P1,1,triclinic,triclinic
il0014878429_w192,C2,5,monoclinic,monoclinic,P1,1,triclinic,triclinic
il0014777426_w192,C2,5,monoclinic,monoclinic,P1,1,triclinic,triclinic
il0015866979_w192,C2,5,monoclinic,monoclinic,P1,1,triclinic,triclinic
il0014884414_w192,C2,5,monoclinic,monoclinic,P1,1,triclinic,triclinic
il0015815842_w192,C2,5,monoclinic,monoclinic,P1,1,triclinic,triclinic
il0012768017_w192,C2/m,12,monoclinic,monoclinic,P1,1,triclinic,triclinic
il0004188696_w192,C2,5,monoclinic,monoclinic,P1,1,triclinic,triclinic
il0013235371_w192,C2,5,monoclinic,monoclinic,P1,1,triclinic,triclinic
il0003103844_w192,C2/m,12,monoclinic,monoclinic,P1,1,triclinic,triclinic
il0015589995_w192,C2/m,12,monoclinic,monoclinic,P1,1,triclinic,triclinic
il0012737062_w192,C2,5,monoclinic,monoclinic,P1,1,triclinic,triclinic
il0008061915_w192,C2/m,12,monoclinic,monoclinic,P1,1,triclinic,triclinic
il0015115608_w192,C2,5,monoclinic,monoclinic,P1,1,triclinic,triclinic
il0009771022_w192,C2/m,12,monoclinic,monoclinic,P1,1,triclinic,triclinic
il0014763600_w192,C2,5,monoclinic,monoclinic,P1,1,triclinic,triclinic
il0008061986_w192,C2,5,monoclinic,monoclinic,P1,1,triclinic,triclinic
il0014510315_w192,C2,5,monoclinic,monoclinic,P1,1,triclinic,triclinic
il0015371486_w192,C2/m,12,monoclinic,monoclinic,P1,1,triclinic,triclinic
il0014769325_w192,C2/m,12,monoclinic,monoclinic,P1,1,triclinic,triclinic
il0011277622_w192,C2,5,monoclinic,monoclinic,P1,1,triclinic,triclinic
il0015845139_w192,C2,5,monoclinic,monoclinic,P1,1,triclinic,triclinic
il0004189704_w192,C2/m,12,monoclinic,monoclinic,P1,1,triclinic,triclinic
il0012020412_w192,C2,5,monoclinic,monoclinic,P1,1,triclinic,triclinic
il0015287599_w192,C2,5,monoclinic,monoclinic,P1,1,triclinic,triclinic
il0011893515_w192,C2,5,monoclinic,monoclinic,P1,1,triclinic,triclinic
il0015879271_w192,C2,5,monoclinic,monoclinic,P1,1,triclinic,triclinic
il0014918859_w192,C2,5,monoclinic,monoclinic,P1,1,triclinic,triclinic
il0014918858_w192,C2,5,monoclinic,monoclinic,P1,1,triclinic,triclinic
il0009793904_w192,C2,5,monoclinic,monoclinic,P1,1,triclinic,triclinic
il0014900445_w192,C2/m,12,monoclinic,monoclinic,P1,1,triclinic,triclinic
il0012660608_w192,C2,5,monoclinic,monoclinic,P1,1,triclinic,triclinic
il0011946141_w192,C2,5,monoclinic,monoclinic,P1,1,triclinic,triclinic
il0009817924_w192,C2,5,monoclinic,monoclinic,P1,1,triclinic,triclinic
il0015830616_w192,C2,5,monoclinic,monoclinic,P1,1,triclinic,triclinic
il0015878934_w192,C2/m,12,monoclinic,monoclinic,P1,1,triclinic,triclinic
il0014884421_w192,C2/m,12,monoclinic,monoclinic,P1,1,triclinic,triclinic
il0013324907_w192,C2,5,monoclinic,monoclinic,P1,1,triclinic,triclinic
il0012614189_w192,C2/m,12,monoclinic,monoclinic,P1,1,triclinic,triclinic
il0014812995_w192,C2,5,monoclinic,monoclinic,P1,1,triclinic,triclinic
il0013897390_w192,C2,5,monoclinic,monoclinic,P1,1,triclinic,triclinic
il0014812994_w192,C2,5,monoclinic,monoclinic,P1,1,triclinic,triclinic
il0015649344_w192,C2,5,monoclinic,monoclinic,P1,1,triclinic,triclinic
il0004187292_w192,C2,5,monoclinic,monoclinic,P1,1,triclinic,triclinic
il0015148706_w192,C2,5,monoclinic,monoclinic,P1,1,triclinic,triclinic
il0013932334_w192,C2,5,monoclinic,monoclinic,P1,1,triclinic,triclinic
il0014756232_w192,C2,5,monoclinic,monoclinic,P1,1,triclinic,triclinic
il0011280338_w192,C2,5,monoclinic,monoclinic,P1,1,triclinic,triclinic
il0004093828_w192,C2,5,monoclinic,monoclinic,P1,1,triclinic,triclinic
il0013292034_w192,C2,5,monoclinic,monoclinic,P1,1,triclinic,triclinic
il0015765388_w192,C2,5,monoclinic,monoclinic,P1,1,triclinic,triclinic
il0015209595_w192,C2/m,12,monoclinic,monoclinic,P1,1,triclinic,triclinic
il0015876558_w192,C2,5,monoclinic,monoclinic,P1,1,triclinic,triclinic
il0015664970_w192,C2,5,monoclinic,monoclinic,P1,1,triclinic,triclinic
il0004254223_w192,C2,5,monoclinic,monoclinic,P1,1,triclinic,triclinic
il0011306075_w192,C2,5,monoclinic,monoclinic,P1,1,triclinic,triclinic
il0007432246_w192,C2,5,monoclinic,monoclinic,P1,1,triclinic,triclinic
il0013918749_w192,C2,5,monoclinic,monoclinic,P1,1,triclinic,triclinic
il0011155531_w192,C2,5,monoclinic,monoclinic,P1,1,triclinic,triclinic
il0014090915_w192,C2/m,12,monoclinic,monoclinic,P1,1,triclinic,triclinic
il0011682127_w192,C2,5,monoclinic,monoclinic,P1,1,triclinic,triclinic
il0015665595_w192,C2,5,monoclinic,monoclinic,P1,1,triclinic,triclinic
il0007506665_w192,C2,5,monoclinic,monoclinic,P1,1,triclinic,triclinic
il0012048348_w192,C2,5,monoclinic,monoclinic,P1,1,triclinic,triclinic
il0012697707_w192,C2/m,12,monoclinic,monoclinic,P1,1,triclinic,triclinic
il0015840720_w192,C2/m,12,monoclinic,monoclinic,P1,1,triclinic,triclinic
il0011959032_w192,C2/m,12,monoclinic,monoclinic,P1,1,triclinic,triclinic
il0013941575_w192,C2,5,monoclinic,monoclinic,P1,1,triclinic,triclinic
il0012606043_w192,C2,5,monoclinic,monoclinic,P1,1,triclinic,triclinic
il0014796552_w192,C2/m,12,monoclinic,monoclinic,P1,1,triclinic,triclinic
il0014917898_w192,C2,5,monoclinic,monoclinic,P1,1,triclinic,triclinic
il0006798891_w192,C2/m,12,monoclinic,monoclinic,P1,1,triclinic,triclinic
il0015139250_w192,C2,5,monoclinic,monoclinic,P1,1,triclinic,triclinic
il0015209620_w192,C2,5,monoclinic,monoclinic,P1,1,triclinic,triclinic
il0015113543_w192,C2,5,monoclinic,monoclinic,P1,1,triclinic,triclinic
